task_id,microservice_id,instructions,bytes,dependencies,storage_req,status,arrival_time,start_time,latency,wait_time,service_time,response_time,spin_up_delay,end_time,deadline,assigned_resource,nearest_resource,resource_IPT,resource_storage
0,1,1169.685248,468.2234355,,19.89540927,completed,0,75.30132842840001,75.30132842840001,0,0.40333974068965517,151.00599659748968,0.0,75.70466816908967,101,Edge_cloud(1),Edge_cloud(3),2900,64
1,2,367.9965554,444.1531037,,26.98630505,completed,30,172.218993184,142.218993184,0,0.007359931108,284.445346299108,0.0,172.226353115108,176,CentralCloud(4),Edge_cloud(2),50000,1000000
1,3,186.5832195,226.324736,,30.34286672,completed,30,102.51391551999998,72.51391551999998,0,0.00373166439,145.03156270438996,0.0,102.51764718438999,176,CentralCloud(4),Edge_cloud(2),50000,1000000
1,4,603.564389,402.8288786,"2,3",46.85424783,completed,30,172.226353115108,128.995241152,13.231111963107992,0.01207128778,271.23366555488803,172.226353115108,172.238424402888,176,CentralCloud(4),Edge_cloud(2),50000,1000000
1,5,943.7676492,53.94389445,4,39.08933881,completed,30,172.238424402888,17.352046224000002,124.886378178888,0.018875352984,159.609345979872,172.238424402888,172.257299755872,176,CentralCloud(4),Edge_cloud(2),50000,1000000
2,6,2211.820271,285.0438521,,8.447635511,completed,150,195.84605141768,45.846051417679995,7.105427357601002e-15,0.7626966451724138,92.45479948053242,0.0,196.6087480628524,329,Edge_cloud(2),Edge_cloud(0),2900,32
2,7,2601.54928,818.5153537,6,9.534928126,completed,150,281.62826887496,131.62826887495999,0,0.7031214270270271,263.959659176947,196.61127846285243,282.331390301987,329,Edge_cloud(3),Edge_cloud(0),3700,64
2,8,788.900399,291.7166787,"7,6",5.924243203,completed,150,282.33378390198703,46.91904193495999,85.41474196702704,0.27203462034482756,179.52486045729182,282.33378390198703,282.60581852233184,329,Edge_cloud(2),Edge_cloud(0),2900,32
2,9,2181.438373,820.0246021,"7,8",37.17090463,completed,150,282.60777452233185,131.87095601768,0.7368185046518647,0.7522201286206897,265.23095066863254,282.60777452233185,283.35999465095256,329,Edge_cloud(1),Edge_cloud(0),2900,64
3,10,1774.569327,536.28347,,35.59999165,completed,270,356.245381976,86.245381976,0,16.132448427272728,188.62321237927267,0.0,372.3778304032727,403,Edge_cloud(0),Edge_cloud(3),110,64
3,11,998.7758531,881.0640506,,49.33178218,rejected,270,,0,0,0,0,0,,403,,Edge_cloud(3),,
4,12,133.5196659,579.0317587,,26.57914747,completed,330,423.11930679896,93.11930679896,0,0.03608639618918919,186.27469999410914,0.0,423.1553931951492,491,Edge_cloud(3),Edge_cloud(1),3700,64
4,13,2388.387546,39.37154083,,41.49433151,completed,330,342.6888930656,12.6888930656,0,0.04776775092,25.42555388211997,0.0,342.73666081652,491,CentralCloud(4),Edge_cloud(1),50000,1000000
4,14,3459.693571,678.6660055,,29.24555307,completed,330,439.1404936844,109.1404936844,0,1.1929977831034482,219.47398515190343,0.0,440.33349146750345,491,Edge_cloud(2),Edge_cloud(1),2900,32
4,15,1208.758937,54.40503234,12,43.83024891,completed,330,423.4334731951492,17.4996103488,75.93386284634919,0.02417517874,110.95725872268918,423.4334731951492,423.4576483738892,491,CentralCloud(4),Edge_cloud(1),50000,1000000
4,16,745.8534665,456.0910488,"12,13,15",36.33003093,completed,330,476.039135616,146.039135616,0,0.01491706933,292.09318830133,423.4576483738892,476.05405268533,491,CentralCloud(4),Edge_cloud(1),50000,1000000
5,17,4446.509448,930.1324275,,32.50131673,completed,480,629.576294342,149.57629434199998,0,1.2017593102702702,300.35434799427026,0.0,630.7780536522703,645,Edge_cloud(3),Edge_cloud(1),3700,64
5,18,1447.621385,173.5518999,17,28.69101088,completed,480,631.1351736522703,55.626607968,95.50856568427028,0.0289524277,206.79073404797032,631.1351736522703,631.1641260799703,645,CentralCloud(4),Edge_cloud(1),50000,1000000
5,19,1195.701837,395.9736294,"17,18",36.4255557,completed,480,631.1641260799703,126.801561408,24.36256467197029,0.023914036740000002,277.98960152471034,631.1641260799703,631.1880401167103,645,CentralCloud(4),Edge_cloud(1),50000,1000000
5,20,4299.775004,732.5617058,17,21.56303829,completed,480,630.7799304522703,117.80692229264001,32.973008159630254,1.482681035862069,270.0695337807723,630.7799304522703,632.2626114881323,645,Edge_cloud(1),Edge_cloud(1),2900,64
6,21,4103.824786,883.4359705,,5.732252455,completed,600,742.0675040564,142.0675040564,2.842170943040401e-14,1.4151119951724138,285.5501201079725,0.0,743.4826160515724,756,Edge_cloud(2),Edge_cloud(3),2900,32
6,22,2296.897706,674.2335747,,2.959320311,completed,600,708.42775881176,108.42775881176,0,20.88088823636364,237.73640585988358,0.0,729.3086470481236,756,Edge_cloud(0),Edge_cloud(3),110,64
6,23,2497.270421,265.5915216,21,24.47216285,completed,600,743.4849824515725,42.71811667328,100.76686577829247,0.8611277313793104,187.0642268562317,743.4849824515725,744.3461101829517,756,Edge_cloud(1),Edge_cloud(3),2900,64
6,24,1166.968654,677.8617744,23,30.36528753,completed,600,744.3480173829518,109.01117332351998,35.33684405943177,0.3153969335135135,253.67458763998525,744.3480173829518,744.6634143164653,756,Edge_cloud(3),Edge_cloud(3),3700,64
6,25,483.6781853,303.7603647,21,4.863602498,completed,600,743.7267760515724,97.293316704,46.43345934757241,0.009673563706,241.02976631927845,743.7267760515724,743.7364496152784,756,CentralCloud(4),Edge_cloud(3),50000,1000000
7,26,2909.815944,721.2449375,,15.0582739,rejected,750,,0,0,0,0,0,,860,,Edge_cloud(1),,
8,27,581.8901158,954.4927963,,16.77957809,completed,780,933.49344164504,153.49344164503998,0,0.2006517640689655,307.18753505414907,0.0,933.694093409109,956,Edge_cloud(1),Edge_cloud(1),2900,64
8,28,2301.44528,724.1795166,,28.57698123,completed,780,896.45906626928,116.45906626928,1.4210854715202004e-14,20.92222981818182,253.8403623567417,0.0,917.3812960874618,956,Edge_cloud(0),Edge_cloud(1),110,64
8,29,4708.436273,864.2516979,27,14.64564035,completed,780,933.694093409109,138.98267302232,14.711420386788973,1.6235987148275863,294.3003651462566,933.694093409109,935.3176921239366,956,Edge_cloud(1),Edge_cloud(1),2900,64
9,30,4768.888507,12.08280474,,5.686781378,completed,870,873.9564975168,3.9564975168,2.7533531010703882e-14,0.09537777014,8.00837280374003,0.0,874.05187528694,1029,CentralCloud(4),Edge_cloud(2),50000,1000000
9,31,1272.728204,720.3964035,,9.077980306,completed,870,985.8507416828,115.8507416828,4.263256414560601e-14,0.43887179448275865,232.1403551600829,0.0,986.2896134772828,1029,Edge_cloud(2),Edge_cloud(2),2900,32
9,32,3158.155758,831.2916813,"31,30",9.523442279,completed,870,1003.68270235304,133.68270235304,0,1.0890192268965517,268.4544239329766,986.2896134772828,1004.7717215799365,1029,Edge_cloud(2),Edge_cloud(2),2900,32
10,33,2422.973694,50.15315017,,42.29205227,completed,960,976.1390080544,16.1390080544,4.973799150320701e-14,0.04845947387999999,32.32647558268013,0.0,976.1874675282801,1092,CentralCloud(4),Edge_cloud(3),50000,1000000
10,34,4390.857125,872.88175,33,14.93166466,rejected,960,,0,0,0,0,0,,1092,,Edge_cloud(3),,
11,35,1430.011235,264.127286,,36.01989496,completed,1020,1062.4826675888,42.482667588800005,3.552713678800501e-14,13.000102136363635,97.96543731396378,0.0,1075.4827697251637,1141,Edge_cloud(0),Edge_cloud(0),110,64
11,36,118.1417935,668.639181,,28.82409857,completed,1020,1127.5281803048001,107.5281803048,1.1368683772161603e-13,0.040738549482758624,215.09709915908297,0.0,1127.5689188542829,1141,Edge_cloud(2),Edge_cloud(0),2900,32
12,37,896.5499091,802.3513302,,48.87489893,completed,1080,1209.02909389616,129.02909389616,2.842170943040401e-14,0.3091551410689655,258.36734293338895,0.0,1209.338249037229,1214,Edge_cloud(1),Edge_cloud(1),2900,64
12,38,1812.661726,666.0378679,37,14.36831078,completed,1080,1209.3408354372289,107.10988915832002,22.230946278908846,0.4899085745945946,236.94063317014343,1209.3408354372289,1209.8307440118235,1214,Edge_cloud(3),Edge_cloud(1),3700,64
13,39,1647.033536,101.3619442,,8.760278006,completed,1140,1156.31000062736,16.31000062736,6.750155989720952e-14,0.4451441989189189,33.06514545363916,0.0,1156.755144826279,1296,Edge_cloud(3),Edge_cloud(2),3700,64
13,40,3977.678304,600.3583037,,3.549854047,completed,1140,1236.54861523496,96.54861523496,0,36.160711854545454,229.25794232446538,0.0,1272.7093270895055,1296,Edge_cloud(0),Edge_cloud(2),110,64
13,41,3434.747264,554.0878202,40,12.80702345,completed,1140,1272.7118494895055,89.10832148816,43.60352800134554,1.184395608275862,223.00456658594157,1272.7118494895055,1273.8962450977815,1296,Edge_cloud(1),Edge_cloud(2),2900,64
13,42,1567.825966,901.3180554,,34.51947343,rejected,1140,,0,0,0,0,0.0,,1296,,Edge_cloud(2),,
13,43,2342.944704,410.1973323,40,5.177653007,completed,1140,1272.7117990895053,65.97073103384001,66.74106805566534,0.8079119668965518,199.4904420902419,1272.7117990895053,1273.519711056402,1296,Edge_cloud(2),Edge_cloud(2),2900,32
14,44,568.2396094,327.8702861,,12.99039041,completed,1290,1342.73254200488,52.732542004879996,9.237055564881302e-14,0.1959446928965517,105.66102870265672,0.0,1342.9284866977766,1421,Edge_cloud(2),Edge_cloud(3),2900,32
14,45,4500.91758,752.3522568,44,42.91011004,completed,1290,1410.98924289344,120.98924289344001,0,1.5520405448275862,243.5305263317075,1342.9310666977767,1412.5412834382676,1421,Edge_cloud(1),Edge_cloud(3),2900,64
15,46,4683.58164,418.5485728,,29.56469452,completed,1350,1484.025543296,134.025543296,2.842170943040401e-14,0.0936716328,268.14475822479994,0.0,1484.1192149288,1490,CentralCloud(4),Edge_cloud(1),50000,1000000
15,47,4901.037323,649.6352133,46,4.406555472,completed,1350,1484.4433749287998,104.47234229864002,29.971032630159797,1.69001287,240.60573009743985,1484.4433749287998,1486.1333877987997,1490,Edge_cloud(1),Edge_cloud(1),2900,64
16,48,4355.908871,649.9855892,,3.336474068,completed,1410,1514.52868274336,104.52868274336001,0,1.5020375417241378,210.55940302844397,0.0,1516.030720285084,1600,Edge_cloud(2),Edge_cloud(2),2900,32
16,49,952.4083497,889.1586737,,3.995020891,completed,1410,1552.98771473096,142.98771473096,8.526512829121202e-14,8.658257724545456,294.6336871864655,0.0,1561.6459724555054,1600,Edge_cloud(0),Edge_cloud(2),110,64
16,50,326.3627677,602.7054783,48,47.15187746,completed,1410,1516.0328634850841,96.92604091064,9.106822574444138,0.1125388854137931,203.07144328113804,1516.0328634850841,1516.145402370498,1600,Edge_cloud(1),Edge_cloud(2),2900,64
16,51,2940.023964,507.1320739,48,42.6437,completed,1410,1572.372263648,162.372263648,0,0.05880047928,324.80332777527997,1516.4206402850841,1572.43106412728,1600,CentralCloud(4),Edge_cloud(2),50000,1000000
17,52,4571.764632,147.4826131,,42.40206206,completed,1530,1577.284436192,47.284436192,0,0.09143529264000001,94.66030767663983,0.0,1577.37587148464,1686,CentralCloud(4),Edge_cloud(3),50000,1000000
17,53,969.0216721,124.5802306,52,46.28662135,completed,1530,1577.66451148464,20.04350108048,27.62101040415989,0.2618977492162162,67.96991031433595,1577.66451148464,1577.926409233856,1686,Edge_cloud(3),Edge_cloud(3),3700,64
17,54,134.5102817,162.7783496,"52,53",25.75751412,completed,1530,1577.928682833856,26.185758615680005,21.742924218176096,0.046382855758620695,74.16082430529468,1577.928682833856,1577.9750656896147,1686,Edge_cloud(1),Edge_cloud(3),2900,64
17,55,4046.930626,180.1299965,54,13.11988889,completed,1530,1587.73159888,57.73159888000001,8.526512829121202e-14,0.08093861252,115.54413637252014,1578.3289856896147,1587.81253749252,1686,CentralCloud(4),Edge_cloud(3),50000,1000000
17,56,476.298853,641.4983217,"53,52",20.66605221,completed,1530,1633.16393012936,103.16393012936001,8.526512829121202e-14,4.329989572727273,210.6578498314475,1577.928846833856,1637.4939197020874,1686,Edge_cloud(0),Edge_cloud(3),110,64
18,57,2127.159556,743.5714378,,36.22433957,completed,1680,1799.57728719824,119.57728719824,0,0.7335032951724139,239.88807769165214,0.0,1800.3107904934122,1850,Edge_cloud(1),Edge_cloud(3),2900,64
18,58,3426.547952,534.6916077,,43.9256107,completed,1680,1765.98941051816,85.98941051816,0,31.150435927272728,203.12925696359275,0.0,1797.1398464454328,1850,Edge_cloud(0),Edge_cloud(3),110,64
18,59,1260.308169,830.7275552,,22.31945541,completed,1680,1813.59199087616,133.59199087616,2.842170943040401e-14,0.43458902379310344,267.6185707761131,0.0,1814.026579899953,1850,Edge_cloud(2),Edge_cloud(3),2900,32
18,60,511.4165609,991.3505945,58,27.23366681,completed,1680,1839.4201755956,159.4201755956,8.526512829121202e-14,4.6492414627272725,323.4895926539275,1797.1398464454328,1844.0694170583274,1850,Edge_cloud(0),Edge_cloud(3),110,64
18,61,3873.104019,821.8125028,"57,58,60",46.65736667,rejected,1680,,0,0,0,0,1844.0719914583274,,1850,,Edge_cloud(3),,
19,62,3187.857916,697.9335499,,6.267433218,completed,1830,1942.23871482392,112.23871482392,0,1.0992613503448276,225.57669099818486,0.0,1943.337976174265,1983,Edge_cloud(1),Edge_cloud(3),2900,64
19,63,4943.603374,537.1677724,,43.25266163,rejected,1830,,0,0,0,0,0.0,,1983,,Edge_cloud(3),,
19,64,1787.109363,454.364541,,8.80606663,completed,1830,1975.48665312,145.48665312,2.842170943040401e-14,0.03574218726,291.00904842726004,0.0,1975.52239530726,1983,CentralCloud(4),Edge_cloud(3),50000,1000000
19,65,402.6356928,93.54845674,64,24.70920616,completed,1830,1975.89023530726,15.053591843792,130.8366434634679,0.13883989406896552,161.08266704512084,1975.89023530726,1976.0290752013289,1983,Edge_cloud(2),Edge_cloud(3),2900,32
19,66,3698.315173,405.3750609,,11.7027333,completed,1830,1959.810019488,129.810019488,8.526512829121202e-14,0.07396630346,259.69400527946027,0.0,1959.8839857914602,1983,CentralCloud(4),Edge_cloud(3),50000,1000000
20,67,2656.493752,911.0332904,,30.5444339,rejected,1980,,0,0,0,0,0,,2093,,Edge_cloud(0),,
21,68,1144.699264,809.9424036,,28.37009766,rejected,2010,,0,0,0,0,0,,2118,,Edge_cloud(0),,
22,69,3930.472046,223.8908514,,19.62036085,completed,2040,2076.01264890512,36.01264890512,0,1.355335188275862,73.38063299851592,0.0,2077.367984093396,2142,Edge_cloud(1),Edge_cloud(2),2900,64
23,70,1098.401881,471.9417069,,43.30187223,completed,2070,2145.89922646952,75.89922646952,0,9.985471645454545,161.78392458449434,0.0,2155.8846981149745,2171,Edge_cloud(0),Edge_cloud(2),110,64
24,71,1377.242109,818.5559705,,33.33085269,rejected,2100,,0,0,0,0,0,,2209,,Edge_cloud(3),,
25,72,553.3899164,76.71070924,,36.33905112,completed,2130,2154.6374269568,24.6374269568,2.842170943040401e-14,0.011067798327999999,49.28592171192804,0.0,2154.648494755128,2222,CentralCloud(4),Edge_cloud(1),50000,1000000
26,73,2057.218167,393.5186598,,8.382327172,completed,2160,2223.28880049584,63.28880049584,0,0.7093855748275862,127.2869865665075,0.0,2223.9981860706675,2335,Edge_cloud(2),Edge_cloud(3),2900,32
26,74,2152.753197,853.3228245,73,44.27511822,completed,2160,2297.2253101796,137.2253101796,0,0.7423286886206897,275.19294904782055,2224.0001044706673,2297.9676388682205,2335,Edge_cloud(1),Edge_cloud(3),2900,64
26,75,2621.352773,409.8588855,73,9.184968017,completed,2160,2225.9163087884,65.9163087884,0,0.9039147493103449,132.73653232611014,2223.9981860706675,2226.8202235377103,2335,Edge_cloud(2),Edge_cloud(3),2900,32
26,76,3573.924909,86.83849828,,11.91646325,completed,2160,2187.8783194496,27.8783194496,0,0.07147849818,55.82811739738008,0.0,2187.94979794778,2335,CentralCloud(4),Edge_cloud(3),50000,1000000
27,77,4539.894551,547.1090248,,7.274701786,completed,2280,2367.98613118784,87.98613118784002,0,1.5654808796551725,177.53774325533504,0.0,2369.551612067495,2441,Edge_cloud(2),Edge_cloud(3),2900,32
27,78,774.8970846,863.12507,77,22.57760119,completed,2280,2418.801511256,138.801511256,1.4210854715202004e-13,0.2672058912413793,277.8702284032415,2369.553492867495,2419.0687171472414,2441,Edge_cloud(1),Edge_cloud(3),2900,64
27,79,366.3056819,594.3826875,,44.49775236,completed,2280,2375.58773615,95.58773615000001,1.7053025658242404e-13,0.09900153564864865,191.27447383564913,0.0,2375.686737685649,2441,Edge_cloud(3),Edge_cloud(3),3700,64
28,80,190.8030446,234.0163171,,13.36992846,completed,2370,2444.975221472,74.97522147199999,1.7053025658242404e-13,0.003816060892,149.95425900489226,0.0,2444.979037532892,2510,CentralCloud(4),Edge_cloud(3),50000,1000000
28,81,803.7447525,390.3972239,80,19.3139176,completed,2370,2445.327197532892,62.78687360311999,12.540323929772121,0.2771533629310345,138.3912244989433,2445.327197532892,2445.6043508958232,2510,Edge_cloud(1),Edge_cloud(3),2900,64
28,82,3323.95248,455.6221276,"81,80",42.45725458,completed,2370,2445.6061596958234,73.27503811808,2.331121577743403,0.8983655351351351,149.77956334903865,2445.6061596958234,2446.5045252309587,2510,Edge_cloud(3),Edge_cloud(3),3700,64
29,83,3664.637682,583.4736903,,31.27294871,completed,2460,2553.83356940024,93.83356940024001,0,0.9904426167567568,188.65758141723654,0.0,2554.8240120169967,2613,Edge_cloud(3),Edge_cloud(2),3700,64
29,84,3953.877996,761.7575155,,37.82920329,completed,2460,2582.5016084924,122.50160849240001,0,1.3634062055172413,246.3666231903171,0.0,2583.865014697917,2613,Edge_cloud(1),Edge_cloud(2),2900,64
29,85,1294.170238,107.8848815,"83,84",11.48600242,completed,2460,2583.867152297917,17.3588889452,106.50826335271708,0.4462655993103448,141.67230684242713,2583.867152297917,2584.3134178972273,2613,Edge_cloud(2),Edge_cloud(2),2900,32
29,86,1598.884585,890.7555127,,36.1080033,rejected,2460,,0,0,0,0,0.0,,2613,,Edge_cloud(2),,
29,87,2467.359763,22.18660599,,12.15291835,completed,2460,2467.1897139168,7.1897139168,0,0.04934719526,14.428775028859945,0.0,2467.23906111206,2613,CentralCloud(4),Edge_cloud(2),50000,1000000
30,88,409.5971746,376.3518113,,49.37838513,completed,2610,2670.52837125704,60.52837125704,0,0.14124040503448276,121.19798291911411,0.0,2670.669611662074,2725,Edge_cloud(1),Edge_cloud(3),2900,64
30,89,3094.593464,37.14610687,88,28.43442165,completed,2610,2670.669611662074,5.984093984695999,54.6855176773782,1.0671011944827586,67.72080684125285,2670.669611662074,2671.736712856557,2725,Edge_cloud(1),Edge_cloud(3),2900,64
31,90,4920.301665,399.0444831,,35.08632364,completed,2670,2797.784234592,127.78423459199999,0,0.0984060333,255.66687521729955,0.0,2797.8826406252997,2823,CentralCloud(4),Edge_cloud(1),50000,1000000
31,91,1867.950926,530.5544729,90,6.801677623,completed,2670,2798.1428006252995,85.32415924232,42.81864138297952,0.6441210089655173,214.11108087658522,2798.1428006252995,2798.786921634265,2823,Edge_cloud(1),Edge_cloud(1),2900,64
31,92,3788.952628,516.5645727,,13.28214302,completed,2670,2753.07458329016,83.07458329016,0,1.3065353889655174,167.4557019692852,0.0,2754.3811186791254,2823,Edge_cloud(2),Edge_cloud(1),2900,32
31,93,2550.166186,173.9720636,"91,92,90",7.847292319,completed,2670,2798.788920034265,27.985707826880002,100.80321220738517,0.6892341043243243,157.46386196546973,2798.788920034265,2799.4781541385896,2823,Edge_cloud(3),Edge_cloud(1),3700,64
31,94,726.2780374,649.283105,92,20.11836505,completed,2670,2774.415723284,104.415723284,0,0.19629136145945947,209.0277379294589,2754.3835026791253,2774.612014645459,2823,Edge_cloud(3),Edge_cloud(1),3700,64
32,95,2952.963499,54.330666,,14.92265735,completed,2820,2828.7473710928,8.7473710928,2.220446049250313e-13,0.7980982429729729,18.292840428573527,0.0,2829.5454693357733,2916,Edge_cloud(3),Edge_cloud(1),3700,64
33,96,1569.383915,764.2877519,,36.91319072,completed,2850,2972.90847050552,122.90847050552,1.9895196601282805e-13,0.4241578148648648,246.24109882590528,0.0,2973.332628320385,3008,Edge_cloud(3),Edge_cloud(3),3700,64
33,97,268.5757214,947.1779897,96,6.326740002,completed,2850,3002.31722074376,152.31722074375998,1.4210854715202004e-13,0.07258803281081082,304.70702952033116,2973.332628320385,3002.389808776571,3008,Edge_cloud(3),Edge_cloud(3),3700,64
33,98,3211.155678,346.3711389,97,37.85090905,completed,2850,3002.681488776571,110.92876444800001,41.75272432857085,0.06422311356,263.6744763381307,3002.681488776571,3002.7457118901307,3008,CentralCloud(4),Edge_cloud(3),50000,1000000
33,99,4308.768512,522.0669879,"96,97",3.239536407,completed,2850,3002.392155176571,83.95937165432001,68.43278352225111,1.4857822455172414,237.83730907640847,3002.392155176571,3003.8779374220885,3008,Edge_cloud(2),Edge_cloud(3),2900,32
33,100,1789.371858,385.1211753,"97,98",10.89887403,completed,2850,3002.7457118901307,123.32877609599998,29.416935794130694,0.03578743716,276.11027542329066,3002.7457118901307,3002.7814993272905,3008,CentralCloud(4),Edge_cloud(3),50000,1000000
34,101,2012.448181,16.6432864,,39.80628461,completed,3000,3002.68724045312,2.68724045312,1.199040866595169e-14,0.6939476486206897,6.06842855486093,0.0,3003.381188101741,3121,Edge_cloud(1),Edge_cloud(1),2900,64
34,102,4466.006247,392.0157579,101,37.39605541,completed,3000,3063.04713387032,63.04713387031999,7.815970093361102e-14,1.5400021541379312,127.63426989477784,3003.381188101741,3064.587136024458,3121,Edge_cloud(1),Edge_cloud(1),2900,64
35,103,4086.683186,793.8030567,,24.33997958,completed,3060,3187.65453151736,127.65453151736,0,1.4092010986206898,256.7182641333402,0.0,3189.0637326159804,3231,Edge_cloud(2),Edge_cloud(0),2900,32
35,104,3603.268835,600.0289538,,3.449153039,completed,3060,3156.49565577104,96.49565577104,2.1316282072803006e-13,0.9738564418918918,193.96516798397215,0.0,3157.469512212932,3231,Edge_cloud(3),Edge_cloud(0),3700,64
35,105,1319.105612,110.2473155,"104,103",30.88479334,completed,3060,3189.3629326159803,35.369140959999996,93.9937916559803,0.026382112240000002,164.75845568822024,3189.3629326159803,3189.38931472822,3231,CentralCloud(4),Edge_cloud(0),50000,1000000
35,106,4560.061609,848.6680948,,20.92948109,rejected,3060,,0,0,0,0,0.0,,3231,,Edge_cloud(0),,
36,107,856.6372119,535.7744914,,16.50987936,completed,3180,3266.16353821712,86.16353821711999,0,0.2315235707837838,172.55860000502344,0.0,3266.3950617879036,3282,Edge_cloud(3),Edge_cloud(1),3700,64
37,108,3171.175545,843.3061281,,32.3801212,rejected,3210,,0,0,0,0,0,,3323,,Edge_cloud(0),,
38,109,241.1257847,584.4193036,,22.39411355,completed,3240,3333.98562401888,93.98562401888,1.1368683772161603e-13,0.08314682231034483,188.05439486007072,0.0,3334.0687708411906,3385,Edge_cloud(2),Edge_cloud(0),2900,32
38,110,3254.227051,564.0915604,109,5.528633922,completed,3240,3334.0687708411906,90.71692291232002,3.3518479288705834,1.1221472589655173,185.90784101247618,3334.0687708411906,3335.190918100156,3385,Edge_cloud(2),Edge_cloud(0),2900,32
38,111,1458.007324,114.2065933,109,45.88157306,completed,3240,3334.0713636411906,18.37542020264,75.6959434385506,13.254612036363635,125.70139588019401,3334.0713636411906,3347.325975677554,3385,Edge_cloud(0),Edge_cloud(0),110,64
39,112,2303.417188,175.6861358,,39.14616187,completed,3330,3358.26133063664,28.26133063664,1.9539925233402755e-13,0.7942817889655172,57.31694306224608,0.0,3359.055612425606,3489,Edge_cloud(1),Edge_cloud(3),2900,64
39,113,1791.796305,972.3050039,112,3.762531373,completed,3330,3486.35764462712,156.35764462712,0,0.6178607948275863,313.3331500490676,3359.055612425606,3486.9755054219477,3489,Edge_cloud(1),Edge_cloud(3),2900,64
39,114,946.5081056,236.2018793,"112,113",26.72812964,completed,3330,3487.3711854219478,75.674601376,81.69658404594776,0.018930162112,233.06471696005974,3487.3711854219478,3487.39011558406,3489,CentralCloud(4),Edge_cloud(3),50000,1000000
39,115,3147.705871,977.6775968,112,5.085500582,completed,3330,3487.22155756544,157.22155756543998,0,0.8507313164864865,315.2938464473664,3359.0581740256057,3488.0722888819264,3489,Edge_cloud(3),Edge_cloud(3),3700,64
39,116,4421.68022,536.5935795,112,42.02720309,completed,3330,3416.2952475836,86.29524758360002,1.4210854715202004e-14,40.19709290909091,212.78758807629083,3359.057514025606,3456.492340492691,3489,Edge_cloud(0),Edge_cloud(3),110,64
40,117,4799.512787,144.4311566,,31.03768409,completed,3480,3503.23552998128,23.235529981280003,0,43.631934427272725,90.10299438983247,0.0,3546.8674644085527,3618,Edge_cloud(0),Edge_cloud(3),110,64
40,118,1042.497179,108.3091807,117,9.450007545,completed,3480,3546.8700484085525,17.42711625656,49.44293215199252,0.35948178586206897,84.65664645097468,3546.8700484085525,3547.2295301944146,3618,Edge_cloud(2),Edge_cloud(3),2900,32
40,119,3615.126593,216.77543,"117,118",2.016325798,completed,3480,3549.4581376,69.45813759999999,1.1368683772161603e-13,0.07230253186,138.98857773186,3547.5772101944144,3549.53044013186,3618,CentralCloud(4),Edge_cloud(3),50000,1000000
41,120,3355.262896,926.3809567,,2.547469595,completed,3570,3718.97305783736,148.97305783736,1.1368683772161603e-13,0.9068278097297298,298.85294348444995,0.0,3719.87988564709,3722,Edge_cloud(3),Edge_cloud(2),3700,64
41,121,1782.551169,420.0087221,,25.86090813,completed,3570,3637.5484025136802,67.54840251368002,2.1316282072803006e-13,16.205010627272728,151.30181565463317,0.0,3653.753413140953,3722,Edge_cloud(0),Edge_cloud(2),110,64
41,122,193.5860768,401.4799253,"121,120",36.98430046,completed,3570,3719.88185204709,64.56897198824,85.31288005884998,0.0667538195862069,214.517577854916,3719.88185204709,3719.948605866676,3722,Edge_cloud(1),Edge_cloud(2),2900,64
41,123,3479.977112,320.0741985,,6.921182115,completed,3570,3672.51374352,102.51374351999999,0,0.06959954224,205.09708658224008,0.0,3672.58334306224,3722,CentralCloud(4),Edge_cloud(2),50000,1000000
41,124,4732.924817,155.5912321,"123,120",11.84291923,completed,3570,3720.20420564709,49.87919427200001,100.32501137509001,0.09465849634,200.17805841542986,3720.20420564709,3720.29886414343,3722,CentralCloud(4),Edge_cloud(2),50000,1000000
42,125,3197.388597,492.9726852,,17.03573731,completed,3720,3799.28100778016,79.28100778016001,4.263256414560601e-14,1.1025477920689655,159.664563352389,0.0,3800.383555572229,3826,Edge_cloud(1),Edge_cloud(2),2900,64
43,126,2232.934349,138.7473047,,11.68576232,completed,3750,3772.32156659576,22.321566595760004,2.842170943040401e-14,20.299403172727274,64.94253636424719,0.0,3792.620969768487,3899,Edge_cloud(0),Edge_cloud(1),110,64
43,127,2673.254081,837.125434,126,20.17549157,completed,3750,3884.6207697872,134.6207697872,5.684341886080802e-14,0.722501102972973,269.9640406773733,3792.623561768487,3885.3432708901732,3899,Edge_cloud(3),Edge_cloud(1),3700,64
43,128,1078.181158,376.6930164,126,28.42113528,completed,3750,3870.631765248,120.631765248,1.9895196601282805e-13,0.021563623160000003,241.28509411916048,3793.0024097684873,3870.6533288711603,3899,CentralCloud(4),Edge_cloud(1),50000,1000000
44,129,3777.666402,381.0555321,,34.56190066,completed,3840,3901.28472956168,61.284729561679995,0,1.3026435868965516,123.87210271025606,0.0,3902.5873731485763,3972,Edge_cloud(1),Edge_cloud(2),2900,64
44,130,3757.457167,479.2663642,,48.22498393,completed,3840,3917.07703136336,77.07703136336,2.1316282072803006e-13,34.15870151818182,188.31276424490216,0.0,3951.235732881542,3972,Edge_cloud(0),Edge_cloud(2),110,64
45,131,813.0347719,449.686436,,46.61133981,completed,3900,3972.3205789088,72.3205789088,1.4210854715202004e-13,0.21973912754054054,144.86089694514067,0.0,3972.5403180363405,4000,Edge_cloud(3),Edge_cloud(0),3700,64
46,132,4402.094074,994.9093933,,28.93622177,rejected,3930,,0,0,0,0,0,,4048,,Edge_cloud(0),,
47,133,1419.029723,549.92731,,36.97335277,completed,3960,4136.0667392,176.0667392,0,0.028380594460000002,352.1618589944592,0.0,4136.09511979446,4141,CentralCloud(4),Edge_cloud(3),50000,1000000
47,134,4913.054699,97.31968675,,47.59273803,completed,3960,3991.23229976,31.23229976,0,0.09826109398,62.562860613979865,0.0,3991.33056085398,4141,CentralCloud(4),Edge_cloud(3),50000,1000000
47,135,1976.224769,610.8085682,134,5.090125283,completed,3960,4058.22901776656,98.22901776655999,0,0.6814568168965517,197.13949235001655,3991.65840085398,4058.9104745834566,4141,Edge_cloud(1),Edge_cloud(3),2900,64
47,136,971.6318878,160.0684499,135,1.276103233,completed,3960,4058.9125561834567,25.75000674392,73.16254943953668,8.833017161818182,133.49558008919485,4058.9125561834567,4067.745573345275,4141,Edge_cloud(0),Edge_cloud(3),110,64
47,137,1823.428546,40.62826828,,2.460188423,completed,3960,3973.0910458496,13.0910458496,4.973799150320701e-14,0.03646857092,26.21856027012018,0.0,3973.12751442052,4141,CentralCloud(4),Edge_cloud(3),50000,1000000
48,138,2256.883611,971.0347321,,28.60411876,rejected,4110,,0,0,0,0,0,,4250,,Edge_cloud(1),,
48,139,439.6080879,775.8035026,,38.37883784,completed,4110,4234.76020321808,124.76020321808001,2.7000623958883807e-13,0.1515889958275862,249.67199543198785,0.0,4234.911792213908,4250,Edge_cloud(1),Edge_cloud(1),2900,64
49,140,2933.270068,980.3079025,,18.98667259,completed,4170,4327.644510722,157.64451072199998,0,1.0114724372413793,316.300493881241,0.0,4328.655983159241,4353,Edge_cloud(2),Edge_cloud(0),2900,32
49,141,3028.398955,483.0996635,,27.71671956,completed,4170,4324.68189232,154.68189232,0,0.0605679791,309.4243526190994,0.0,4324.7424602991,4353,CentralCloud(4),Edge_cloud(0),50000,1000000
49,142,3720.759231,536.9349558,140,26.30194961,completed,4170,4328.655983159241,86.35014089264,72.30584226660126,1.2830204244827585,246.28914447636453,4328.655983159241,4329.939003583724,4353,Edge_cloud(2),Edge_cloud(0),2900,32
49,143,242.9324722,176.6535864,140,5.643773688,completed,4170,4328.983823159241,56.619147647999995,102.36467551124119,0.0048586494440000004,215.60782945668507,4328.983823159241,4328.988681808685,4353,CentralCloud(4),Edge_cloud(0),50000,1000000
50,144,2752.067251,254.4383524,,16.75782495,completed,4290,4330.92468706592,40.92468706592,0,0.9489887072413793,82.79836283908116,0.0,4331.873675773161,4449,Edge_cloud(1),Edge_cloud(2),2900,64
50,145,359.246423,840.1637228,144,1.952322604,completed,4290,4425.10932662624,135.10932662624,0,0.12387807689655173,270.34253132937556,4331.875822973161,4425.233204703136,4449,Edge_cloud(2),Edge_cloud(2),2900,32
50,146,3535.606678,362.6237906,"145,144",6.424578752,completed,4290,4425.233204703136,58.32090552848,76.91229917465593,1.2191747165517242,194.7732849481672,4425.233204703136,4426.4523794196875,4449,Edge_cloud(2),Edge_cloud(2),2900,32
50,147,373.0671299,828.5468241,"145,146,144",40.78105292,completed,4290,4426.454953019687,133.24132931527998,3.2136237044073255,0.12864383789655173,269.82492617286425,4426.454953019687,4426.583596857584,4449,Edge_cloud(1),Edge_cloud(2),2900,64
50,148,4567.466457,711.923587,,41.64126137,completed,4290,4404.4883127896,114.4883127896,5.684341886080802e-14,1.2344503937837839,230.21107597298396,0.0,4405.722763183384,4449,Edge_cloud(3),Edge_cloud(2),3700,64
51,149,3540.204578,185.399216,,40.29536968,completed,4440,4499.41774912,59.417749119999996,0,0.07080409155999999,118.90630233155935,0.0,4499.4885532115595,4594,CentralCloud(4),Edge_cloud(3),50000,1000000
51,150,2586.209849,512.3719025,149,36.61411341,completed,4440,4522.400401922,82.40040192200001,1.1368683772161603e-13,0.6989756348648648,165.4997794788651,4499.753353211559,4523.099377556865,4594,Edge_cloud(3),Edge_cloud(3),3700,64
51,151,2263.369224,680.6134483,150,39.87232947,completed,4440,4549.45364248664,109.45364248663999,9.947598300641403e-14,0.6117214118918919,219.51900638517236,4523.099377556865,4550.065363898532,4594,Edge_cloud(3),Edge_cloud(3),3700,64
52,152,740.295889,242.6868427,,33.87813472,completed,4530,4569.03504430616,39.035044306159996,0,0.2552744444827586,78.32536305680242,0.0,4569.290318750643,4682,Edge_cloud(1),Edge_cloud(1),2900,64
52,153,1525.897009,832.3816254,152,33.8218336,completed,4530,4663.85796536432,133.85796536432,8.526512829121202e-14,0.41240459702702703,268.12833532566674,4569.292601950643,4664.270369961347,4682,Edge_cloud(3),Edge_cloud(1),3700,64
52,154,4357.899615,549.379381,"152,153",33.70072808,completed,4530,4664.272922761346,88.3512044648,45.9217182965463,1.5027240051724138,224.12685123131814,4664.272922761346,4665.775646766519,4682,Edge_cloud(1),Edge_cloud(1),2900,64
52,155,4531.818777,173.5896299,"152,154",26.18809669,completed,4530,4665.777789966519,27.924212487920002,107.85357747859887,1.224815885675676,164.92681834011455,4665.777789966519,4667.002605852194,4682,Edge_cloud(3),Edge_cloud(1),3700,64
52,156,103.663771,587.1545819,"153,154,152",18.80401444,completed,4530,4665.775646766519,94.42545676952001,41.35018999699854,0.03574612793103448,230.23684966396922,4665.775646766519,4665.811392894449,4682,Edge_cloud(1),Edge_cloud(1),2900,64
53,157,3011.268318,999.7166661,,36.77956804,completed,4680,4840.76543990888,160.76543990887998,0,0.8138563021621621,322.34473611992144,0.0,4841.579296211042,4843,Edge_cloud(3),Edge_cloud(1),3700,64
53,158,3624.572984,159.0162767,157,15.63365467,completed,4680,4841.579296211042,25.58081729336,135.99847891768178,0.9796143199999999,188.13972782440214,4841.579296211042,4842.558910531042,4843,Edge_cloud(3),Edge_cloud(1),3700,64
53,159,3131.860214,818.5893608,"157,158",27.60220444,rejected,4680,,0,0,0,0,0,,4843,,Edge_cloud(1),,
53,160,500.2308478,215.2359132,"159,158,157",22.23442539,rejected,4680,,0,0,0,0,0,,4843,,Edge_cloud(1),,
54,161,1166.852004,784.5644462,,14.55449158,completed,4800,4926.16896294896,126.16896294896,1.4210854715202004e-13,10.607745490909092,262.9456713888294,0.0,4936.776708439869,4959,Edge_cloud(0),Edge_cloud(3),110,64
54,162,1326.66731,737.2321439,161,48.7598061,completed,4800,4936.77862123987,118.55792873912002,18.220692500749593,0.35855873243243247,255.6951087114221,4936.77862123987,4937.137179972302,4959,Edge_cloud(3),Edge_cloud(3),3700,64
54,163,4175.450693,307.4844917,"162,161",13.67883061,completed,4800,4937.433659972302,98.48503734399998,38.94862262830196,0.08350901386,236.00220633016215,4937.433659972302,4937.517168986162,4959,CentralCloud(4),Edge_cloud(3),50000,1000000
54,164,2369.677238,332.5648864,,16.15536012,completed,4800,4906.510763648,106.510763648,0,0.04739354476,213.06892084075935,0.0,4906.55815719276,4959,CentralCloud(4),Edge_cloud(3),50000,1000000
54,165,2485.458239,794.596178,"164,162,163",8.917787586,completed,4800,4937.877008986162,127.78206542240001,10.094943563761845,0.8570545651724139,266.51612897373434,4937.877008986162,4938.734063551335,4959,Edge_cloud(1),Edge_cloud(3),2900,64
55,166,4680.975928,466.8310568,,41.32605064,rejected,4950,,0,0,0,0,0.0,,5089,,Edge_cloud(2),,
55,167,3221.720855,733.5098484,166,29.74288063,rejected,4950,,0,0,0,0,0,,5089,,Edge_cloud(2),,
56,168,4503.471738,156.5043059,,31.03892357,completed,5010,5035.17689238872,25.176892388720002,2.5934809855243657e-13,40.940652163636365,91.29443694107704,0.0,5076.117544552357,5183,Edge_cloud(0),Edge_cloud(1),110,64
56,169,2336.893391,854.0322041,168,41.20750918,completed,5010,5147.33937841928,137.33937841928,3.694822225952521e-13,21.244485372727272,295.9232422112882,5076.117544552357,5168.583863792008,5183,Edge_cloud(0),Edge_cloud(1),110,64
56,170,832.2376667,713.7758695,,17.80306327,completed,5010,5124.7861598156,114.7861598156,0,0.2249290991081081,229.79724873030773,0.0,5125.011088914708,5183,Edge_cloud(3),Edge_cloud(1),3700,64
56,171,4656.684411,907.8733807,,10.48803784,completed,5010,5155.99703961656,145.99703961656,0,1.605753245172414,293.5998324782922,0.0,5157.602792861732,5183,Edge_cloud(1),Edge_cloud(1),2900,64
57,172,2347.655067,141.0486552,,10.72186284,completed,5130,5175.225569664,45.225569664000005,4.263256414560601e-13,0.046953101340000004,90.49809242934043,0.0,5175.27252276534,5251,CentralCloud(4),Edge_cloud(1),50000,1000000
57,173,989.9939672,597.0843554,,36.89837125,completed,5130,5226.02216434832,96.02216434832002,5.684341886080802e-14,0.2675659370810811,192.31189463372084,0.0,5226.289730285401,5251,Edge_cloud(3),Edge_cloud(1),3700,64
58,174,1581.739127,603.1293792,,31.09164257,completed,5190,5286.99420417536,96.99420417536001,1.9895196601282805e-13,0.5454272851724138,194.5338356358925,0.0,5287.539631460532,5313,Edge_cloud(2),Edge_cloud(2),2900,32
58,175,348.9326895,359.9261331,174,11.11060505,completed,5190,5287.5415474605325,57.88712220248,39.654425258052456,0.0943061322972973,155.52297579530932,5287.5415474605325,5287.635853592829,5313,Edge_cloud(3),Edge_cloud(2),3700,64
59,176,2394.672898,463.8817603,,8.108204337,completed,5250,5398.532163296,148.532163296,3.694822225952521e-13,0.04789345796,297.11222004996034,0.0,5398.58005675396,5402,CentralCloud(4),Edge_cloud(0),50000,1000000
59,177,4280.328042,47.60174766,176,6.913677953,completed,5250,5398.91925675396,7.665361023728,141.25389573023233,1.4759751868965518,158.06059296458534,5398.91925675396,5400.395231940857,5402,Edge_cloud(2),Edge_cloud(0),2900,32
59,178,4674.544234,748.4014382,177,31.76213374,rejected,5250,,0,0,0,0,5364.345464640503,,5402,,Edge_cloud(0),,
59,179,4669.750817,553.8292546,177,1.005813601,rejected,5250,,0,0,0,0,5364.3457662405035,,5402,,Edge_cloud(0),,
59,180,713.6271256,67.16364135,,1.897647788,completed,5250,5260.81091352908,10.81091352908,0,6.487519323636364,28.10934638179606,0.0,5267.298432852716,5402,Edge_cloud(0),Edge_cloud(0),110,64
60,181,1972.064024,683.948334,,20.08810365,completed,5400,5509.9898921072,109.9898921072,0,0.5329902767567568,220.51277449115696,0.0,5510.522882383957,5527,Edge_cloud(3),Edge_cloud(1),3700,64
60,182,238.3209223,472.1142565,181,34.87614335,completed,5400,5510.525477583957,75.92697244520001,34.598505138756664,2.166553839090909,188.6190038682471,5510.525477583957,5512.692031423047,5527,Edge_cloud(0),Edge_cloud(1),110,64
61,183,4290.31019,44.11664683,,35.05692945,completed,5460,5467.104956810264,7.1049568102639995,4.121147867408581e-13,39.00281990909091,53.21273352961998,0.0,5506.107776719356,5619,Edge_cloud(0),Edge_cloud(0),110,64
61,184,1857.903234,969.9116496,183,22.07579541,rejected,5460,,0,0,0,0,5506.110055119356,,5619,,Edge_cloud(0),,
61,185,3192.473437,949.6210217,,34.86260672,rejected,5460,,0,0,0,0,0.0,,5619,,Edge_cloud(0),,
61,186,3603.002347,517.773392,,26.5337128,completed,5460,5543.2689614335995,83.2689614336,0,1.2424146024137932,167.7803374696141,0.0,5544.511376036014,5619,Edge_cloud(1),Edge_cloud(0),2900,64
61,187,2206.238882,102.7356965,,48.86963942,completed,5460,5492.96542288,32.965422880000006,0,0.04412477764,65.97497053763982,0.0,5493.00954765764,5619,CentralCloud(4),Edge_cloud(0),50000,1000000
62,188,1601.567449,757.0750094,,8.960550478,completed,5610,5731.74866151152,121.74866151152001,3.552713678800501e-13,0.43285606729729725,243.93017909033824,0.0,5732.181517578818,5773,Edge_cloud(3),Edge_cloud(3),3700,64
62,189,4814.84326,497.0117891,188,30.43269612,completed,5610,5769.133772512,159.133772512,1.7053025658242404e-13,0.0962968652,318.36384188920056,5732.490317578818,5769.2300693772,5773,CentralCloud(4),Edge_cloud(3),50000,1000000
62,190,4825.992303,309.4230035,188,25.07070002,completed,5610,5732.497357578818,99.10536112,23.391996458818085,0.09651984606,221.69923854487752,5732.497357578818,5732.593877424878,5773,CentralCloud(4),Edge_cloud(3),50000,1000000
63,191,1518.238203,496.5039958,,10.52885089,completed,5700,5779.84884252464,79.84884252464,0,0.5235304148275862,160.22121546410654,0.0,5780.372372939467,5802,Edge_cloud(1),Edge_cloud(3),2900,64
64,192,2450.162974,527.219704,,37.74953117,rejected,5730,,0,0,0,0,0.0,,5885,,Edge_cloud(0),,
64,193,4866.936377,567.084582,192,14.49989298,rejected,5730,,0,0,0,0,5837.0645796577455,,5885,,Edge_cloud(0),,
64,194,123.8551975,446.8114765,193,19.70378114,rejected,5730,,0,0,0,0,5839.063473580849,,5885,,Edge_cloud(0),,
65,195,2122.123417,609.6977501,,19.36669791,completed,5820,5918.05039821608,98.05039821608001,0,0.5735468694594594,196.67434330161905,0.0,5918.623945085539,6003,Edge_cloud(3),Edge_cloud(1),3700,64
65,196,592.2419934,919.5473635,195,12.96601919,completed,5820,5967.8742160508,147.8742160508,0,5.3840181218181815,301.13245022341835,5918.626197085539,5973.258234172618,6003,Edge_cloud(0),Edge_cloud(1),110,64
65,197,2594.874031,368.6454062,"196,195",22.10456125,completed,5820,5973.630394172618,118.05652998400001,35.573864188618245,0.05189748062,271.7388216372383,5973.630394172618,5973.682291653238,6003,CentralCloud(4),Edge_cloud(1),50000,1000000
65,198,220.8827772,728.4592986,"197,196,195",24.19394817,rejected,5820,,0,0,0,0,0,,6003,,Edge_cloud(1),,
66,199,2093.802314,895.5080313,,37.46686197,rejected,5940,,0,0,0,0,0,,6052,,Edge_cloud(1),,
67,200,1181.425466,461.419483,,38.48836014,completed,5970,6044.2072528664,74.2072528664,2.7000623958883807e-13,0.4073880917241379,148.82189382452452,0.0,6044.614640958124,6095,Edge_cloud(1),Edge_cloud(1),2900,64
67,201,2713.210976,449.021278,,8.769242446,completed,5970,6042.2136215024,72.2136215024,1.9895196601282805e-13,0.9355899917241379,145.36283299652496,0.0,6043.149211494125,6095,Edge_cloud(2),Edge_cloud(1),2900,32
68,202,4980.368881,606.0958155,,30.04584267,completed,6030,6127.4712071324,97.4712071324,1.9895196601282805e-13,1.3460456435135135,196.2884599083136,0.0,6128.817252775913,6183,Edge_cloud(3),Edge_cloud(3),3700,64
68,203,4022.626915,595.4926918,202,44.91369212,completed,6030,6128.817252775913,95.76622484144,3.051027934473396,1.0871964635135134,195.67067408086677,6128.817252775913,6129.904449239427,6183,Edge_cloud(3),Edge_cloud(3),3700,64
68,204,4243.646249,808.5234489,203,6.330543835,completed,6030,6160.02157058312,130.02157058312,0,1.1469314186486488,261.1900725848882,6129.904449239427,6161.1685020017685,6183,Edge_cloud(3),Edge_cloud(3),3700,64
68,205,3212.798438,481.7185499,"204,203",24.17278818,completed,6030,6161.170690801769,77.47134282392001,53.6993479778486,1.1078615303448276,209.74989515603374,6161.170690801769,6162.278552332114,6183,Edge_cloud(1),Edge_cloud(3),2900,64
69,206,303.6432565,996.1617201,,37.767303,rejected,6150,,0,0,0,0,0,,6274,,Edge_cloud(2),,
69,207,1113.308613,68.87685318,206,30.96307538,rejected,6150,,0,0,0,0,0,,6274,,Edge_cloud(2),,
70,208,4632.816327,13.13617009,,5.928697173,completed,6210,6214.2935744288,4.2935744287999995,0,0.09265632653999999,8.679805184139695,0.0,6214.38623075534,6374,CentralCloud(4),Edge_cloud(3),50000,1000000
70,209,1893.954278,643.7963284,,20.43370014,completed,6210,6313.53344960672,103.53344960672001,0,17.217766163636362,224.28466537707573,0.0,6330.751215770356,6374,Edge_cloud(0),Edge_cloud(3),110,64
70,210,607.8199598,305.4505632,"208,209",25.85473541,completed,6210,6330.753425370356,49.12745056255999,71.62597480779613,0.2095930895862069,170.09046902250248,6330.753425370356,6330.963018459943,6374,Edge_cloud(2),Edge_cloud(3),2900,32
70,211,3541.786293,247.9785648,"209,208,210",49.79643448,completed,6210,6330.965552059943,39.88595321984,81.07959884010265,1.2213056182758621,162.07281089805838,6330.965552059943,6332.186857678218,6374,Edge_cloud(1),Edge_cloud(3),2900,64
70,212,1567.342847,318.7800892,"208,210",9.751787557,completed,6210,6330.963018459943,51.270838343360005,69.69218011658276,0.5404630506896552,172.7743198539929,6330.963018459943,6331.503481510633,6374,Edge_cloud(2),Edge_cloud(3),2900,32
71,213,1417.398873,263.4870895,,49.13876459,completed,6360,6444.40586864,84.40586864,3.410605131648481e-13,0.028347977460000003,168.8400852574605,0.0,6444.43421661746,6535,CentralCloud(4),Edge_cloud(1),50000,1000000
71,214,4990.089532,40.48214916,213,19.43133943,completed,6360,6444.71981661746,6.520529584927999,78.19928703253231,45.36445029090909,136.60479649329773,6444.71981661746,6490.0842669083695,6535,Edge_cloud(0),Edge_cloud(1),110,64
71,215,4304.880733,971.817712,"214,213",10.81570382,completed,6360,6516.2792880896,156.2792880896,4.263256414560601e-13,1.4844416320689655,314.04301781127015,6490.08646530837,6517.76372972167,6535,Edge_cloud(2),Edge_cloud(1),2900,32
71,216,2098.89531,228.5380336,"214,213,215",21.29134502,completed,6360,6518.10628972167,73.22217075200001,84.88411896966977,0.0419779062,231.3704383798704,6518.10628972167,6518.14826762787,6535,CentralCloud(4),Edge_cloud(1),50000,1000000
72,217,4903.279918,736.689465,,31.08576108,completed,6480,6598.4706659720005,118.47066597200002,4.405364961712621e-13,1.3252107886486486,238.2665427326492,0.0,6599.795876760649,6626,Edge_cloud(3),Edge_cloud(0),3700,64
72,218,3285.554795,764.9704307,217,11.4613723,completed,6480,6603.01824525656,123.01824525656,0,1.1329499293103449,247.16944044242973,6599.798290360649,6604.15119518587,6626,Edge_cloud(2),Edge_cloud(0),2900,32
73,219,3735.910014,929.964824,,15.28051508,rejected,6540,,0,0,0,0,0,,6656,,Edge_cloud(2),,
74,220,254.4139111,40.24396252,,42.87277859,completed,6570,6582.9680680064,12.9680680064,2.4513724383723456e-13,0.005088278222,25.94122429102208,0.0,6582.973156284622,6717,CentralCloud(4),Edge_cloud(2),50000,1000000
74,221,695.8657708,873.3278551,220,49.95146362,completed,6570,6710.44211910008,140.44211910008,1.7053025658242404e-13,6.326052461818182,287.21029066197843,6583.253956284622,6716.768171561898,6717,Edge_cloud(0),Edge_cloud(2),110,64
74,222,3202.11712,531.953919,"221,220",16.59046188,rejected,6570,,0,0,0,0,6710.682072814149,,6717,,Edge_cloud(2),,
75,223,4505.217515,636.2186689,,8.293983394,completed,6660,6762.31496195912,102.31496195912001,3.979039320256561e-13,1.5535232810344828,206.18344719927518,0.0,6763.868485240155,6847,Edge_cloud(2),Edge_cloud(2),2900,32
75,224,3156.344258,648.0255743,,39.86537018,completed,6660,6764.21351234744,104.21351234744,0,0.8530660156756757,209.28009071055567,0.0,6765.066578363116,6847,Edge_cloud(3),Edge_cloud(2),3700,64
75,225,756.7219822,821.5998269,"224,223",30.42232868,completed,6660,6792.12425216552,132.12425216551998,3.979039320256561e-13,0.20451945464864862,264.45302378568977,6765.066578363116,6792.328771620169,6847,Edge_cloud(3),Edge_cloud(2),3700,64
75,226,667.2242266,340.0732489,"225,224,223",5.919656025,completed,6660,6792.328771620169,54.69477842312,77.63399319704939,0.18033087205405404,187.20388091534278,6792.328771620169,6792.509102492223,6847,Edge_cloud(3),Edge_cloud(2),3700,64
76,227,4236.51089,735.720678,,47.39180259,completed,6780,6898.3148850224,118.3148850224,0,38.51373536363636,275.1435054084359,0.0,6936.828620386036,6939,Edge_cloud(0),Edge_cloud(2),110,64
76,228,782.5814597,533.2923286,227,4.824426892,completed,6780,6936.831036386036,85.76440643888,71.06662994715643,0.2698556757586207,242.86529850067473,6936.831036386036,6937.100892061795,6939,Edge_cloud(2),Edge_cloud(2),2900,32
76,229,2649.136606,795.4600742,"227,228",31.64246368,completed,6780,6937.100892061795,127.92097993136001,29.179912130435085,0.9134953813793103,285.9353673745345,6937.100892061795,6938.014387443174,6939,Edge_cloud(2),Edge_cloud(2),2900,32
76,230,281.8552678,990.6405724,"227,229",21.77292554,rejected,6780,,0,0,0,0,0,,6939,,Edge_cloud(2),,
76,231,495.2818602,208.6445072,,28.27457199,completed,6780,6813.56103675776,33.56103675776,1.2079226507921703e-13,0.17078684834482757,67.29286036386475,0.0,6813.731823606105,6939,Edge_cloud(2),Edge_cloud(2),2900,32
77,232,3394.506511,994.7021551,,11.44749559,rejected,6930,,0,0,0,0,0,,7079,,Edge_cloud(0),,
77,233,3476.988911,98.91403274,,34.71740956,completed,6930,6945.916376464592,15.916376464591998,0,0.9397267327027027,32.77247966188679,0.0,6946.856103197295,7079,Edge_cloud(3),Edge_cloud(0),3700,64
77,234,1773.200092,12.29437243,,48.02626477,completed,6930,6934.0241991776,4.0241991776,1.6697754290362354e-13,0.03546400184,8.083862357040744,0.0,6934.059663179441,7079,CentralCloud(4),Edge_cloud(0),50000,1000000
78,235,1156.48785,53.72031682,,23.46286783,completed,7020,7028.649226944656,8.649226944656,2.2026824808563106e-13,10.513525909090909,27.811979798403627,0.0,7039.162752853747,7163,Edge_cloud(0),Edge_cloud(3),110,64
78,236,4087.180327,348.3645807,235,26.6249556,completed,7020,7076.02802457656,56.02802457655999,0,1.409372526551724,113.46542167967164,7039.165228053747,7077.437397103112,7163,Edge_cloud(1),Edge_cloud(3),2900,64
78,237,1163.805824,636.5772674,235,12.75077186,completed,7020,7122.37262459792,102.37262459792,0,0.40131235310344826,205.14656154894237,7039.165108853747,7122.773936951023,7163,Edge_cloud(2),Edge_cloud(3),2900,32
79,238,2755.932641,78.33924548,,44.7015312,completed,7110,7122.607950673184,12.607950673184,0,0.7448466597297297,25.960748006097674,0.0,7123.352797332914,7268,Edge_cloud(3),Edge_cloud(2),3700,64
79,239,4844.22332,15.60915638,238,48.58754585,completed,7110,7123.612157332914,5.0849300416,8.52722729131374,0.09688446640000001,18.79397184091431,7123.612157332914,7123.709041799314,7268,CentralCloud(4),Edge_cloud(2),50000,1000000
79,240,824.4769455,937.7201182,238,39.52854737,completed,7110,7260.79639500656,150.79639500656,0,0.2228316068918919,301.81562162001137,7123.352797332914,7261.019226613452,7268,Edge_cloud(3),Edge_cloud(2),3700,64
79,241,4710.293711,823.7073696,239,27.59590161,completed,7110,7242.46314503168,132.46314503167997,1.7053025658242404e-13,1.6242392106896553,266.55052927404995,7124.086641799314,7244.08738424237,7268,Edge_cloud(2),Edge_cloud(2),2900,32
79,242,996.17596,811.0913394,"239,238,241",47.8830444,completed,7110,7244.08953064237,130.43448737552,3.6550432668499298,9.05614509090909,273.58016310879884,7244.08953064237,7253.145675733279,7268,Edge_cloud(0),Edge_cloud(2),110,64
80,243,2880.471719,885.5800327,,8.538652713,completed,7260,7402.4122692581595,142.41226925815997,0,0.9932661100000001,285.81780462631923,0.0,7403.40553536816,7419,Edge_cloud(2),Edge_cloud(3),2900,32
80,244,1947.337789,703.03393,243,24.44605213,completed,7260,7403.40553536816,113.05885594400002,30.346679424159674,0.6714957893103448,257.13588710146996,7403.40553536816,7404.07703115747,7419,Edge_cloud(2),Edge_cloud(3),2900,32
80,245,4828.150147,113.3600885,244,27.34267963,completed,7260,7404.36583115747,36.36522832,108.00060283746998,0.09656300294,180.82762248040945,7404.36583115747,7404.4623941604095,7419,CentralCloud(4),Edge_cloud(3),50000,1000000
80,246,1440.355942,405.1091862,,25.10390457,completed,7260,7325.15255714096,65.15255714096,1.9895196601282805e-13,13.094144927272726,143.39925920919268,0.0,7338.2467020682325,7419,Edge_cloud(0),Edge_cloud(3),110,64
80,247,2058.32421,725.9179916,"243,244,246",40.31849607,completed,7260,7404.07943995747,116.73861304928002,27.34082690818971,0.5563038405405406,261.3743568472901,7404.07943995747,7404.6357437980105,7419,Edge_cloud(3),Edge_cloud(3),3700,64
81,248,4916.014577,287.5311162,,33.84974166,completed,7410,7502.099957184,92.099957184,2.2737367544323206e-13,0.09832029154,184.29823465954087,0.0,7502.198277475541,7560,CentralCloud(4),Edge_cloud(2),50000,1000000
81,249,2728.704917,690.5323005,248,7.20626483,completed,7410,7521.0485939204,111.04859392040001,0,0.7374878154054054,222.83467565620504,7502.58275747554,7521.786081735805,7560,Edge_cloud(3),Edge_cloud(2),3700,64
81,250,2562.887567,34.25346378,,17.97611406,completed,7410,7421.0511084096,11.0511084096,0,0.051257751340000005,22.1534745705394,0.0,7421.10236616094,7560,CentralCloud(4),Edge_cloud(2),50000,1000000
82,251,1363.114592,313.0759675,,17.61476557,completed,7500,7550.353615574,50.353615573999996,2.913225216616411e-13,12.391950836363636,113.0991819843639,0.0,7562.745566410364,7650,Edge_cloud(0),Edge_cloud(0),110,64
82,252,3536.681446,553.6390329,,28.71597745,completed,7500,7589.03615649032,89.03615649032,0,1.2195453262068965,179.29185830684582,0.0,7590.255701816526,7650,Edge_cloud(1),Edge_cloud(0),2900,64
82,253,170.4274637,635.7689312,"251,252",15.28146247,completed,7500,7602.24264413696,102.24264413696,0,1.5493405790909092,206.03462885301087,7590.258097816526,7603.791984716051,7650,Edge_cloud(0),Edge_cloud(0),110,64
83,254,342.6118855,581.2702578,,6.746316708,completed,7590,7683.47925745424,93.47925745424,0,0.0925978068918919,187.05111271537135,0.0,7683.5718552611315,7722,Edge_cloud(3),Edge_cloud(0),3700,64
83,255,3036.857077,700.7787133,,33.03045062,rejected,7590,,0,0,0,0,0.0,,7722,,Edge_cloud(0),,
84,256,1774.205412,16.02786076,,42.70080999,completed,7650,7652.588280010208,2.5882800102079995,1.0969003483296547e-13,16.12914010909091,21.305700129507386,0.0,7668.717420119299,7812,Edge_cloud(0),Edge_cloud(3),110,64
84,257,4771.250224,109.931788,,46.64879668,completed,7650,7685.26817216,35.268172160000006,1.7053025658242404e-13,0.09542500448,70.63176932448005,0.0,7685.36359716448,7812,CentralCloud(4),Edge_cloud(3),50000,1000000
84,258,4525.634385,870.2548098,257,48.65634247,rejected,7650,,0,0,0,0,7685.74455716448,,7812,,Edge_cloud(3),,
84,259,3597.160668,684.9311576,,39.27472546,completed,7650,7760.14793014208,110.14793014208,4.405364961712621e-13,1.2404002303448276,221.53626051450556,0.0,7761.388330372425,7812,Edge_cloud(1),Edge_cloud(3),2900,64
85,260,4108.913348,121.8023263,,7.845418986,completed,7770,7809.066744416,39.066744416000006,0,0.08217826696,78.21566709895978,0.0,7809.14892268296,7920,CentralCloud(4),Edge_cloud(0),50000,1000000
85,261,3369.926063,843.653693,260,42.80247939,completed,7770,7905.6705138344,135.67051383439997,0,0.9107908278378378,272.2518184966366,7809.41772268296,7906.581304662237,7920,Edge_cloud(3),Edge_cloud(0),3700,64
85,262,715.3523033,249.8089056,"260,261",20.5980436,completed,7770,7906.583863862237,40.18027202048,96.40359184175719,0.24667320803448275,177.01080909075154,7906.583863862237,7906.830537070272,7920,Edge_cloud(2),Edge_cloud(0),2900,32
86,263,3851.162511,483.4772854,,36.76565438,completed,7860,7937.75414749232,77.75414749232002,2.842170943040401e-14,1.3279870727586207,156.83628205739842,0.0,7939.082134565078,7982,Edge_cloud(1),Edge_cloud(1),2900,64
86,264,1129.940647,153.7445478,263,27.03213224,completed,7860,7939.408534565078,49.288255296,30.120279269078296,0.022598812939999997,128.71938867401786,7939.408534565078,7939.431133378018,7982,CentralCloud(4),Edge_cloud(1),50000,1000000
87,265,1684.86999,713.0089559,,41.60170055,completed,7920,8034.66284010872,114.66284010872002,2.842170943040401e-14,0.45537026756756754,229.78105048500765,0.0,8035.118210376288,8092,Edge_cloud(3),Edge_cloud(0),3700,64
87,266,4114.247639,670.1858768,265,21.84978091,completed,7920,8035.120097576288,107.77688898944,7.343208586847666,37.402251263636366,260.29923782936385,8035.120097576288,8072.522348839924,8092,Edge_cloud(0),Edge_cloud(0),110,64
87,267,2728.975481,219.0013465,,4.027896726,completed,7920,7955.2264165172,35.2264165172,4.973799150320701e-14,0.9410260279310345,71.3938590623311,0.0,7956.167442545131,8092,Edge_cloud(2),Edge_cloud(0),2900,32
87,268,4313.709499,864.7667592,267,28.28436183,completed,7920,8059.06549487936,139.06549487936,0,1.4874860341379308,279.6184757928586,7956.167442545131,8060.552980913498,8092,Edge_cloud(2),Edge_cloud(0),2900,32
88,269,1143.873067,407.292964,,9.393237179,completed,8040,8170.42374848,130.42374848,0,0.02287746134,260.8703744213399,0.0,8170.446625941339,8176,CentralCloud(4),Edge_cloud(3),50000,1000000
88,270,3078.114349,299.5899402,269,48.31036399,completed,8040,8170.71270594134,48.18506238416,82.52764355717966,1.0614187410344826,179.95918706653356,8170.71270594134,8171.774124682374,8176,Edge_cloud(1),Edge_cloud(3),2900,64
88,271,510.5757655,160.8062936,269,26.82119023,completed,8040,8170.446625941339,51.548013952000005,78.89861198933933,0.01021151531,182.0048514086502,8170.446625941339,8170.45683745665,8176,CentralCloud(4),Edge_cloud(3),50000,1000000
89,272,3250.998868,273.5063324,,28.1243809,completed,8130,8173.99081824992,43.990818249920004,2.6290081223123707e-13,1.1210340924137931,89.10267059225407,0.0,8175.111852342334,8250,Edge_cloud(2),Edge_cloud(1),2900,32
89,273,3836.416785,31.80665201,272,45.45601993,completed,8130,8175.114048342334,5.125509643208,39.988538699126174,1.0368694013513513,51.276427386893374,8175.114048342334,8176.150917743686,8250,Edge_cloud(3),Edge_cloud(1),3700,64
90,274,2966.16138,587.4249175,,31.60467701,completed,8190,8284.468926734,94.46892673400001,0,0.8016652378378378,189.73951870583733,0.0,8285.270591971837,8359,Edge_cloud(3),Edge_cloud(3),3700,64
90,275,1404.534357,843.8084389,,15.83373948,completed,8190,8325.69539697512,135.69539697512,0,0.48432219206896554,271.8751161423079,0.0,8326.179719167189,8359,Edge_cloud(2),Edge_cloud(3),2900,32
90,276,253.5790774,553.4906449,274,15.50863623,completed,8190,8285.272630371837,89.01229569992,6.260334671917292,0.08744106117241379,184.37236713292987,8285.272630371837,8285.36007143301,8359,Edge_cloud(1),Edge_cloud(3),2900,64
90,277,685.2995314,227.0812223,,25.57735385,completed,8190,8262.755991136,72.755991136,3.694822225952521e-13,0.013705990627999999,145.52568826262905,0.0,8262.769697126629,8359,CentralCloud(4),Edge_cloud(3),50000,1000000
90,278,3149.284597,43.33248643,"277,274",43.46380322,completed,8190,8285.607711971837,13.956395657600002,81.65131631423749,0.06298569193999999,109.6270933213782,8285.607711971837,8285.670697663778,8359,CentralCloud(4),Edge_cloud(3),50000,1000000
91,279,4678.659063,222.4817925,,39.9417377,completed,8340,8375.786072234,35.786072233999995,0,1.6133307113793103,73.18547517937805,0.0,8377.399402945379,8499,Edge_cloud(1),Edge_cloud(1),2900,64
91,280,1112.018579,421.9602138,,48.17428872,completed,8340,8475.117268416,135.117268416,0,0.02224037158,270.25677720357817,0.0,8475.139508787579,8499,CentralCloud(4),Edge_cloud(1),50000,1000000
91,281,3701.628131,762.0153144,"280,279",4.52242002,completed,8340,8475.49230878758,122.54306255552,12.949246232059537,1.0004400354054055,259.03581137850415,8475.49230878758,8476.492748822984,8499,Edge_cloud(3),Edge_cloud(1),3700,64
91,282,4345.61021,195.964424,,14.14797738,completed,8340,8371.5220793792,31.5220793792,0,1.4984862793103448,64.54264503770901,0.0,8373.02056565851,8499,Edge_cloud(2),Edge_cloud(1),2900,32
92,283,2652.322674,722.5935388,,4.930177683,completed,8460,8576.20404103904,116.20404103904,1.4210854715202004e-14,0.9145940255172413,233.32267610359668,0.0,8577.118635064557,8612,Edge_cloud(2),Edge_cloud(0),2900,32
92,284,3379.4024,868.2641337,,37.8028805,completed,8460,8599.62787269896,139.62787269895998,3.694822225952521e-13,1.165311172413793,280.42105657033426,0.0,8600.793183871374,8612,Edge_cloud(1),Edge_cloud(0),2900,64
92,285,4093.575052,459.4073796,"284,283",7.900850768,completed,8460,8600.793183871374,73.88370663968,66.90947723169391,1.411577604137931,216.08846811519288,8600.793183871374,8602.204761475512,8612,Edge_cloud(1),Edge_cloud(0),2900,64
92,286,1377.308273,823.2176717,283,5.894429582,completed,8460,8592.38440160936,132.38440160936,7.958078640513122e-13,0.47493388724137936,265.2437371059623,8577.118635064557,8592.859335496601,8612,Edge_cloud(2),Edge_cloud(0),2900,32
93,287,1554.788804,559.1107746,,28.52193815,completed,8580,8669.91601255568,89.91601255568001,0,14.134443672727272,193.966468784085,0.0,8684.050456228406,8744,Edge_cloud(0),Edge_cloud(3),110,64
93,288,103.0748315,640.7199287,287,21.16275089,completed,8580,8684.052622628406,103.03876453496001,1.0138580934455064,0.035543045344827585,207.1269302087112,8684.052622628406,8684.088165673751,8744,Edge_cloud(1),Edge_cloud(3),2900,64
93,289,4819.161241,531.0156757,287,36.0399656,completed,8580,8684.052797828406,85.39832065256,18.654477175846253,1.3024760110810811,190.75359449204734,8684.052797828406,8685.355273839486,8744,Edge_cloud(3),Edge_cloud(3),3700,64
93,290,4595.969984,468.5409896,288,24.86375419,completed,8580,8684.088165673751,75.35239112768,28.73577454607107,1.5848172358620691,181.02537403729366,8684.088165673751,8685.672982909613,8744,Edge_cloud(1),Edge_cloud(3),2900,64
94,291,3846.384492,242.3069074,,21.8413952,completed,8700,8777.628210368,77.628210368,5.115907697472721e-13,0.07692768984000001,155.3333484258419,0.0,8777.705138057841,8840,CentralCloud(4),Edge_cloud(1),50000,1000000
94,292,487.4725028,310.1621189,,21.84952199,completed,8700,8799.341878048,99.34187804799998,5.968558980384842e-13,0.009749450056,198.69350554605626,0.0,8799.351627498056,8840,CentralCloud(4),Edge_cloud(1),50000,1000000
94,293,2292.76416,297.0704178,,43.72194264,completed,8700,8795.152533696,95.15253369599998,3.410605131648481e-13,0.045855283200000006,190.35092267520122,0.0,8795.1983889792,8840,CentralCloud(4),Edge_cloud(1),50000,1000000
95,294,599.2695945,567.6560416,,20.36605689,completed,8790,8881.29009148928,91.29009148928,0,0.20664468775862072,182.78682766631755,0.0,8881.496736177038,8948,Edge_cloud(1),Edge_cloud(1),2900,64
95,295,178.0093096,128.7541561,,17.33645926,completed,8790,8810.71466830088,20.71466830088,0,0.048110624216216216,41.47744722597599,0.0,8810.762778925096,8948,Edge_cloud(3),Edge_cloud(1),3700,64
95,296,3119.29653,917.6237738,"295,294",17.58821877,completed,8790,8937.56490282704,147.56490282704,0,0.8430531162162163,295.9728587702957,8881.498633777037,8938.407955943256,8948,Edge_cloud(3),Edge_cloud(1),3700,64
95,297,4808.064144,723.4485938,,10.63343904,completed,8790,8906.34153388304,116.34153388304001,1.4210854715202004e-14,1.6579531531034482,234.3410209191843,0.0,8907.999487036144,8948,Edge_cloud(2),Edge_cloud(1),2900,32
95,298,4524.053315,407.4311746,,43.17375368,completed,8790,8920.467975872,130.467975872,0,0.0904810663,261.0264328102985,0.0,8920.558456938299,8948,CentralCloud(4),Edge_cloud(1),50000,1000000
96,299,3514.098593,167.0379031,,8.184909936,completed,8940,8966.87069481848,26.87069481848,8.419931418757187e-13,1.2117581355172415,54.9531477724795,0.0,8968.082452953999,9069,Edge_cloud(1),Edge_cloud(3),2900,64
96,300,573.5388624,883.172248,,45.52192615,rejected,8940,,0,0,0,0,0,,9069,,Edge_cloud(3),,
97,301,1443.403785,825.5403092,,14.88991837,rejected,9000,,0,0,0,0,0,,9109,,Edge_cloud(0),,
98,302,1668.277962,724.5043372,,45.07191429,completed,9030,9146.51129742176,116.51129742176002,8.810729923425242e-13,0.5752682627586206,233.59786310628078,0.0,9147.08656568452,9187,Edge_cloud(1),Edge_cloud(1),2900,64
98,303,3839.435283,278.8315769,,39.75021218,completed,9030,9119.316104608,89.31610460799999,3.979039320256561e-13,0.07678870566,178.70899792166165,0.0,9119.392893313661,9187,CentralCloud(4),Edge_cloud(1),50000,1000000
98,304,4031.020978,408.4221711,,29.51738853,completed,9030,9160.785094752,130.78509475200002,5.684341886080802e-14,0.08062041956,261.6508099235598,0.0,9160.86571517156,9187,CentralCloud(4),Edge_cloud(1),50000,1000000
99,305,1987.020003,111.7207699,,33.80403019,completed,9120,9137.97569979992,17.97569979992,0,0.5370324332432432,36.48843203308206,0.0,9138.512732233163,9291,Edge_cloud(3),Edge_cloud(0),3700,64
99,306,2147.631583,197.1491295,,16.96636045,completed,9120,9151.7125800236,31.7125800236,8.206768598029157e-13,0.7405626148275861,64.16572266203002,0.0,9152.45314263843,9291,Edge_cloud(2),Edge_cloud(0),2900,32
99,307,318.0942925,785.1864709,"305,306",29.1372021,completed,9120,9246.26898452072,126.26898452072001,5.400124791776761e-13,0.0859714304054054,252.62394047184716,9152.45516343843,9246.354955951127,9291,Edge_cloud(3),Edge_cloud(0),3700,64
99,308,1516.76992,717.8883317,,15.32774214,completed,9120,9235.44744373736,115.44744373736,0,13.788817454545454,244.68370492926442,0.0,9249.236261191905,9291,Edge_cloud(0),Edge_cloud(0),110,64
99,309,2311.297368,597.5509053,"306,308",20.71136788,completed,9120,9249.238693191905,96.09718557224,33.14150761966454,0.6246749643243243,225.96055372846968,9249.238693191905,9249.86336815623,9291,Edge_cloud(3),Edge_cloud(0),3700,64
